"id","ten","loai","hang","phan","tap","thuTu","beat","role","hazards","canXay","uutien"
"rauMuong","Rau muống","veg","M","1","P1T1","1","B05","chinh","","","S"
"caChua","Cà chua","veg","M","1","P1T1","2","B05","chinh","","","S"
"hoaMai","Hoa mai","flower","M","1","P1T1","3","B05","tho","","","S"
"coop","Chuồng gà","build","B","1","P1T2","1","B09","xay","","","S"
"duaLeo","Dưa leo","veg","M","1","P1T2","2","B09","chinh","rock","","S"
"poultry","Gà (trứng)","animal","O","1","P1T2","3","B09","chinh","rock","coop","S"
"well","Giếng nước","build","B","1","P1T3","1","B10","xay","","","S"
"caiXanh","Cải xanh","veg","M","1","P1T3","2","B10","chinh","rock","","S"
"mongToi","Mồng tơi","veg","m","1","P1T3","3","B10","chinh","rock","","A"
"stall","Sạp chợ làng","build","B","1","P1T4","1","B04","xay","","","S"
"rauMa","Rau má","veg","m","1","P1T4","2","B04","chinh","rock","","A"
"fair01","Lễ hội Xuân - Rằm tháng Giêng","fair","F","1","P1T4","3","B04","boss-remix","r","stall","S"
"greenhouse","Nhà kính","build","B","2","P2T1","1","B02","xay","","","S"
"shed","Kho nhỏ","build","B","2","P2T1","2","B02","xay","","","S"
"biDo","Bí đỏ","veg","M","2","P2T1","3","B02","chinh","rock","","S"
"khoQua","Khổ qua","veg","M","2","P2T1","4","B02","chinh","rock","","S"
"caRot","Cà rốt","veg","M","2","P2T1","5","B02","tho","rock","","S"
"rauDay","Rau đay","veg","m","2","P2T1","6","B02","chinh","rock","","A"
"bau","Bầu","veg","m","2","P2T1","7","B02","chinh","rock","","A"
"pump","Máy bơm nước","build","B","2","P2T2","1","B03","xay","","","S"
"rabbitHutch","Chuồng thỏ","build","B","2","P2T2","2","B03","xay","","","S"
"biXanh","Bí xanh","veg","M","2","P2T2","3","B03","chinh","weed;rock","","S"
"caTim","Cà tím","veg","M","2","P2T2","4","B03","chinh","weed;rock","","S"
"cuCai","Củ cải","veg","M","2","P2T2","5","B03","tho","weed","","S"
"caPhao","Cà pháo","veg","m","2","P2T2","6","B03","chinh","weed;rock","","A"
"suSu","Su su","veg","m","2","P2T2","7","B03","chinh","weed;rock","","A"
"rabbit","Thỏ","animal","O","2","P2T2","8","B03","tho","rock","rabbitHutch","S"
"duckPond","Ao vịt","build","B","2","P2T3","1","B06","xay","","","S"
"muop","Mướp","veg","M","2","P2T3","2","B06","chinh","weed;rock","","S"
"ot","Ớt","veg","M","2","P2T3","3","B06","chinh","weed;rock","","S"
"dauBap","Đậu bắp","veg","M","2","P2T3","4","B06","tho","rock","","S"
"dauDua","Đậu đũa","veg","m","2","P2T3","5","B06","chinh","weed;rock","","A"
"hoaCuc","Hoa cúc","flower","M","2","P2T3","6","B06","chinh","weed;rock","","S"
"vanTho","Vạn thọ","flower","m","2","P2T3","7","B06","tho","weed","","A"
"duck","Vịt","animal","O","2","P2T3","8","B06","chinh","weed;rock","duckPond","S"
"woodStove","Bếp củi","build","B","2","P2T4","1","B04","xay","","","A"
"xaLach","Xà lách","veg","M","2","P2T4","2","B04","chinh","weed;rock","","S"
"dauCove","Đậu cove","veg","m","2","P2T4","3","B04","chinh","weed;rock","","A"
"thuocDuoc","Thược dược","flower","m","2","P2T4","4","B04","tho","rock","","A"
"banhTroi","Bánh trôi (Hàn Thực)","banh","N","2","P2T4","5","B04","chinh","weed;rock","woodStove","A"
"banhChay","Bánh chay (Hàn Thực)","banh","N","2","P2T4","6","B04","chinh","weed;rock","woodStove","A"
"fair02","Thanh Minh - Hàn Thực","fair","F","2","P2T4","7","B04","boss-remix","w;weed","stall","S"
"barn","Chuồng bò","build","B","3","P3T1","1","B13","xay","","","S"
"feedStore","Kho thức ăn","build","B","3","P3T1","2","B13","xay","","","S"
"goatPen","Chuồng dê","build","B","3","P3T1","3","B13","xay","","","S"
"chickenMeat","Gà thịt","animal","O","3","P3T1","4","B13","chinh","mud","coop","S"
"yogurt","Sữa chua","food","O","3","P3T1","5","B13","chinh","mud","feedStore","S"
"butter","Bơ","food","O","3","P3T1","6","B13","tho","mud","feedStore","S"
"pigpen","Chuồng heo","build","B","3","P3T2","1","B12","xay","weed","","S"
"poultryHouse","Trại gia cầm (ngan/cút/ngỗng)","build","B","3","P3T2","2","B12","xay","rock","","S"
"pig","Heo","animal","O","3","P3T2","3","B12","chinh","mud;rock","pigpen","S"
"dairyCow","Bò sữa","animal","O","3","P3T2","4","B12","chinh","mud;weed","barn","S"
"quail","Chim cút","animal","O","3","P3T2","5","B12","tho","rock","poultryHouse","S"
"hatSen","Hạt sen","veg","m","3","P3T3","1","B11","chinh","mud;weed","","A"
"hoaSen","Hoa sen","flower","M","3","P3T3","2","B11","chinh","mud;rock","","S"
"ngocLan","Ngọc lan","flower","m","3","P3T3","3","B11","tho","rock","","A"
"goat","Dê","animal","O","3","P3T3","4","B11","chinh","mud;rock","goatPen","S"
"goose","Ngỗng","animal","O","3","P3T3","5","B11","chinh","mud;weed","poultryHouse","S"
"nhai","Hoa nhài","flower","m","3","P3T4","1","B04","chinh","mud;rock","","A"
"loaKen","Loa kèn (tháng Tư)","flower","m","3","P3T4","2","B04","chinh","mud;weed","","A"
"muscovy","Ngan","animal","O","3","P3T4","3","B04","tho","weed","poultryHouse","S"
"cheese","Phô mai","food","O","3","P3T4","4","B04","chinh","mud;weed","feedStore","S"
"fair03","Phật Đản - phiên chợ chay","fair","F","3","P3T4","5","B04","boss-remix","m;mud;weed","stall","S"
"chuoi","Chuối","fruit","M","4","P4T1","1","B02","chinh","weed","","S"
"xoai","Xoài","fruit","M","4","P4T1","2","B02","chinh","rock","","S"
"duaHau","Dưa hấu","fruit","M","4","P4T1","3","B02","tho","mud","","S"
"man","Mận","fruit","M","4","P4T1","4","B02","chinh","weed","","S"
"roi","Roi (mận Nam Bộ)","fruit","m","4","P4T1","5","B02","chinh","rock","","A"
"me","Me","fruit","m","4","P4T1","6","B02","tho","mud","","A"
"irrigation","Giàn tưới","build","B","4","P4T2","1","B03","xay","weed","","S"
"fruitDryer","Nhà sấy trái cây","build","B","4","P4T2","2","B03","xay","rock","","A"
"duDu","Đu đủ","fruit","M","4","P4T2","3","B03","chinh","net;mud","","S"
"khe","Khế","fruit","M","4","P4T2","4","B03","chinh","net;weed","","S"
"coc","Cóc","fruit","m","4","P4T2","5","B03","tho","weed","","A"
"wineStill","Lò nấu rượu","build","B","4","P4T3","1","B15","xay","mud","","A"
"soRi","Sơ ri","fruit","m","4","P4T3","2","B15","chinh","net;weed","","A"
"luaNep","Lúa nếp","grain","M","4","P4T3","3","B15","chinh","net;rock","","A"
"banhTro","Bánh tro (Đoan Ngọ)","banh","N","4","P4T3","4","B15","tho","weed","woodStove","A"
"riceWine","Rượu nếp (Đoan Ngọ)","food","N","4","P4T3","5","B15","chinh","net;weed","wineStill","A"
"thom","Thơm (dứa)","fruit","M","4","P4T4","1","B04","chinh","net;rock","","S"
"oi","Ổi","fruit","M","4","P4T4","2","B04","chinh","net;mud","","S"
"mangCau","Mãng cầu (na)","fruit","M","4","P4T4","3","B04","tho","weed","","S"
"dauDa","Dâu da (Hạ Châu)","fruit","m","4","P4T4","4","B04","chinh","net;rock","","A"
"fair04","Đoan Ngọ - phiên chợ trái cây","fair","F","4","P4T4","5","B04","boss-remix","n;net;mud","stall","S"
"coldStore","Kho lạnh","build","B","5","P5T1","1","B08","xay","","","S"
"sauRieng","Sầu riêng","fruit","M","5","P5T1","2","B08","chinh","weed","","S"
"vai","Vải","fruit","M","5","P5T1","3","B08","chinh","rock","","S"
"thanhLong","Thanh long","fruit","M","5","P5T1","4","B08","tho","net","","S"
"nhot","Nhót","fruit","m","5","P5T1","5","B08","chinh","mud","","A"
"bangLang","Bằng lăng","flower","m","5","P5T1","6","B08","chinh","weed","","A"
"prepHouse","Nhà sơ chế","build","B","5","P5T2","1","B03","xay","weed","","S"
"chomChom","Chôm chôm","fruit","M","5","P5T2","2","B03","chinh","worm;net","","S"
"mangCut","Măng cụt","fruit","M","5","P5T2","3","B03","chinh","worm;mud","","S"
"vuSua","Vú sữa","fruit","m","5","P5T2","4","B03","tho","rock","","A"
"mangCauXiem","Mãng cầu xiêm","fruit","m","5","P5T2","5","B03","chinh","worm;rock","","A"
"damBut","Dâm bụt","flower","m","5","P5T2","6","B03","chinh","net;mud","","A"
"coconutMilk","Nước cốt dừa","food","N","5","P5T2","7","B03","tho","mud","prepHouse","A"
"pigeonLoft","Chuồng bồ câu","build","B","5","P5T3","1","B07","xay","rock","","A"
"nhan","Nhãn","fruit","M","5","P5T3","2","B07","chinh","worm;rock","","S"
"mit","Mít","fruit","M","5","P5T3","3","B07","chinh","worm;net","","S"
"bonBon","Bòn bon","fruit","m","5","P5T3","4","B07","tho","net","","A"
"thanhTra","Thanh trà","fruit","m","5","P5T3","5","B07","chinh","worm;weed","","A"
"pigeon","Bồ câu","animal","N","5","P5T3","6","B07","chinh","rock;net","pigeonLoft","A"
"dua","Dừa","fruit","M","5","P5T4","1","B04","chinh","worm;net","","S"
"dauTam","Dâu tằm","fruit","m","5","P5T4","2","B04","chinh","worm;mud","","A"
"phuongVi","Phượng vĩ","flower","m","5","P5T4","3","B04","tho","weed","","A"
"juice","Nước ép","food","O","5","P5T4","4","B04","chinh","rock;net","prepHouse","S"
"fair05","Hội chợ trái cây miền Tây I","fair","F","5","P5T4","5","B04","boss-remix","w;weed;rock","stall","S"
"fair06","Hội chợ trái cây miền Tây II","fair","F","5","P5T4","6","B04","boss-remix","w;rock;worm","stall","S"
"buffaloCart","Xe trâu kéo","build","B","6","P6T1","1","B13","xay","","","S"
"dryingYard","Sân phơi lúa","build","B","6","P6T1","2","B13","xay","","","S"
"buffaloShed","Chuồng trâu","build","B","6","P6T1","3","B13","xay","","","S"
"mia","Mía","grain","M","6","P6T1","4","B13","chinh","decay","","S"
"hoaSu","Hoa sứ","flower","m","6","P6T1","5","B13","chinh","decay","","A"
"teaLeaf","Trà thành phẩm","food","O","6","P6T1","6","B13","tho","decay","prepHouse","S"
"mill","Cối xay lúa","build","B","6","P6T2","1","B02","xay","rock","","S"
"tofuShop","Xưởng đậu hũ","build","B","6","P6T2","2","B02","xay","mud","","A"
"lua","Lúa","grain","M","6","P6T2","3","B02","chinh","decay;weed","","S"
"tra","Trà","grain","M","6","P6T2","4","B02","chinh","decay;rock","","S"
"muoiGio","Mười giờ","flower","m","6","P6T2","5","B02","tho","decay","","A"
"soySauce","Tương","food","N","6","P6T2","6","B02","chinh","decay;mud","tofuShop","A"
"soyMilk","Sữa đậu nành","food","N","6","P6T2","7","B02","chinh","decay;weed","tofuShop","A"
"granary","Kho lúa","build","B","6","P6T3","1","B05","xay","mud","","S"
"sugarKiln","Lò đường thủ công","build","B","6","P6T3","2","B05","xay","weed","","S"
"dauNanh","Đậu nành","grain","M","6","P6T3","3","B05","chinh","decay;worm","","S"
"meVung","Mè (vừng)","grain","m","6","P6T3","4","B05","chinh","decay;net","","A"
"hoaGiay","Hoa giấy","flower","m","6","P6T3","5","B05","tho","mud","","A"
"sugar","Đường mía","food","O","6","P6T3","6","B05","chinh","decay;net","sugarKiln","S"
"peanutOil","Dầu lạc","food","N","6","P6T3","7","B05","chinh","decay;mud","mill","A"
"ngo","Ngô","grain","M","6","P6T4","1","B04","chinh","decay;worm","","S"
"dauPhong","Đậu phộng","grain","M","6","P6T4","2","B04","chinh","decay;net","","S"
"huongDuong","Hướng dương","flower","M","6","P6T4","3","B04","tho","mud","","S"
"buffalo","Trâu","animal","O","6","P6T4","4","B04","chinh","decay;mud","buffaloShed","S"
"tofu","Đậu hũ","food","N","6","P6T4","5","B04","chinh","decay;weed","tofuShop","A"
"noodleFresh","Bún tươi","food","N","6","P6T4","6","B04","tho","decay","mill","A"
"fair07","Vu Lan - Rằm tháng Bảy","fair","F","6","P6T4","7","B04","boss-remix","d;weed;rock","stall","S"
"monkeyBridge","Cầu khỉ","build","B","7","P7T1","1","B13","xay","","","A"
"fieldHut","Chòi canh ruộng","build","B","7","P7T1","2","B13","xay","","","A"
"hongXiem","Hồng xiêm (sapoche)","fruit","M","7","P7T1","3","B13","chinh","pond","","S"
"hong","Hồng","fruit","m","7","P7T1","4","B13","chinh","pond","","A"
"hongBi","Hồng bì","fruit","m","7","P7T1","5","B13","tho","decay","","A"
"toi","Tỏi","veg","M","7","P7T1","6","B13","chinh","pond","","S"
"khoaiMi","Khoai mì (sắn)","veg","m","7","P7T1","7","B13","chinh","pond","","A"
"sa","Sả","veg","m","7","P7T1","8","B13","tho","mud","","A"
"cacao","Ca cao","grain","m","7","P7T1","9","B13","chinh","pond","","A"
"mungNoodle","Miến","food","N","7","P7T1","10","B13","chinh","pond","mill","A"
"truck","Xe tải nhỏ","build","B","7","P7T2","1","B08","xay","rock","","S"
"compostPit","Hầm ủ phân","build","B","7","P7T2","2","B08","xay","pond","","A"
"tao","Táo","fruit","M","7","P7T2","3","B08","chinh","pond;weed","","S"
"thi","Thị","fruit","m","7","P7T2","4","B08","chinh","pond;decay","","A"
"khoaiLang","Khoai lang","veg","M","7","P7T2","5","B08","tho","decay","","S"
"nghe","Nghệ","veg","M","7","P7T2","6","B08","chinh","pond;net","","S"
"khoaiMon","Khoai môn","veg","m","7","P7T2","7","B08","chinh","pond;mud","","A"
"rieng","Riềng","veg","m","7","P7T2","8","B08","tho","mud","","A"
"hoaSua","Hoa sữa","flower","m","7","P7T2","9","B08","chinh","pond;decay","","A"
"lemongrassOil","Tinh dầu sả","food","N","7","P7T2","10","B08","chinh","pond;net","prepHouse","A"
"buoi","Bưởi","fruit","M","7","P7T3","1","B06","chinh","pond;net","","S"
"luu","Lựu","fruit","M","7","P7T3","2","B06","chinh","pond;mud","","S"
"le","Lê","fruit","m","7","P7T3","3","B06","tho","mud","","A"
"khoaiTay","Khoai tây","veg","M","7","P7T3","4","B06","chinh","pond;weed","","S"
"gung","Gừng","veg","M","7","P7T3","5","B06","chinh","pond;worm","","S"
"bapCai","Bắp cải","veg","M","7","P7T3","6","B06","tho","worm","","S"
"cuNang","Củ năng","veg","m","7","P7T3","7","B06","chinh","pond;mud","","A"
"hatDieu","Hạt điều","grain","M","7","P7T3","8","B06","chinh","pond;net","","S"
"cucHoaMi","Cúc họa mi","flower","m","7","P7T3","9","B06","tho","pond","","A"
"sim","Sim","fruit","m","7","P7T4","1","B04","chinh","pond;worm","","A"
"hanhTay","Hành tây","veg","M","7","P7T4","2","B04","chinh","pond;net","","S"
"dauXanh","Đậu xanh","veg","M","7","P7T4","3","B04","tho","pond","","S"
"cuDen","Củ dền","veg","m","7","P7T4","4","B04","chinh","pond;weed","","A"
"tieu","Tiêu","grain","M","7","P7T4","5","B04","chinh","pond;decay","","S"
"tamGiacMach","Tam giác mạch","flower","m","7","P7T4","6","B04","tho","decay","","A"
"banhDeo","Bánh dẻo (Trung Thu)","banh","N","7","P7T4","7","B04","chinh","pond;mud","woodStove","A"
"fair08","Trung Thu - phiên chợ đèn","fair","F","7","P7T4","8","B04","boss-remix","p;net;mud","stall","S"
"fair09","Trung Thu - mâm quả","fair","F","7","P7T4","9","B04","boss-remix","p;mud;pond","stall","S"
"fishPond","Ao cá","build","B","8","P8T1","1","B13","xay","","","S"
"specialtyPond","Ao đặc sản (ếch/ốc/ba ba)","build","B","8","P8T1","2","B13","xay","","","A"
"bo","Bơ","fruit","m","8","P8T1","3","B13","chinh","flood","","A"
"rauLang","Rau lang","veg","m","8","P8T1","4","B13","chinh","flood","","A"
"suHao","Su hào","veg","m","8","P8T1","5","B13","tho","net","","A"
"tilapia","Cá rô phi","animal","O","8","P8T1","6","B13","chinh","flood","fishPond","S"
"snakehead","Cá lóc","animal","N","8","P8T1","7","B13","chinh","flood","fishPond","A"
"saltEgg","Trứng muối","food","O","8","P8T1","8","B13","tho","decay","prepHouse","S"
"palmSugar","Đường thốt nốt","food","N","8","P8T1","9","B13","chinh","flood","sugarKiln","A"
"fishRaft","Bè cá tra","build","B","8","P8T2","1","B03","xay","rock","","A"
"caNa","Cà na","fruit","m","8","P8T2","2","B03","chinh","mound;flood","","A"
"chanhDay","Chanh dây","fruit","m","8","P8T2","3","B03","chinh","flood;pond","","A"
"mangTre","Măng tre","veg","m","8","P8T2","4","B03","tho","pond","","A"
"thotNot","Thốt nốt","grain","m","8","P8T2","5","B03","chinh","flood;net","","A"
"shrimp","Tôm càng","animal","O","8","P8T2","6","B03","chinh","mound;mud","fishPond","S"
"frog","Ếch","animal","N","8","P8T2","7","B03","tho","mound","specialtyPond","A"
"pangasius","Cá tra (bè)","animal","N","8","P8T2","8","B03","chinh","mound;pond","fishRaft","A"
"dock","Bến xuồng","build","B","8","P8T3","1","B11","xay","mud","","S"
"tram","Trám","fruit","m","8","P8T3","2","B11","chinh","mound;worm","","A"
"ngoSung","Ngó súng","veg","m","8","P8T3","3","B11","chinh","flood;net","","A"
"caiThao","Cải thảo","veg","m","8","P8T3","4","B11","tho","mound","","A"
"hoaSung","Hoa súng","flower","m","8","P8T3","5","B11","chinh","flood;mound","","A"
"crab","Cua đồng","animal","O","8","P8T3","6","B11","chinh","mound;decay","fishPond","S"
"linhFish","Cá linh","animal","N","8","P8T3","7","B11","tho","decay","dock","A"
"fishSauce","Mắm cá linh","food","N","8","P8T3","8","B11","chinh","mound;mud","prepHouse","A"
"leKiMa","Lê ki ma","fruit","m","8","P8T4","1","B04","chinh","flood;mound","","A"
"dienDien","Bông điên điển","veg","m","8","P8T4","2","B04","chinh","mound;pond","","A"
"duaGang","Dưa gang","veg","m","8","P8T4","3","B04","tho","pond","","A"
"lucBinh","Lục bình","flower","m","8","P8T4","4","B04","chinh","mound;net","","A"
"eel","Lươn","animal","O","8","P8T4","5","B04","chinh","flood;pond","fishPond","S"
"appleSnail","Ốc bươu","animal","N","8","P8T4","6","B04","tho","mound","specialtyPond","A"
"driedSnakehead","Khô cá lóc","food","N","8","P8T4","7","B04","chinh","flood;pond","dryingYard","A"
"fair10","Chợ mùa nước nổi","fair","F","8","P8T4","8","B04","boss-remix","flood;decay;worm","stall","S"
"silkHouse","Nhà nuôi tằm","build","B","9","P9T1","1","B06","xay","","","S"
"silkworm","Tằm","animal","O","9","P9T1","2","B06","chinh","net","silkHouse","S"
"vinegar","Giấm","food","N","9","P9T1","3","B06","chinh","mound","prepHouse","A"
"greenRice","Cốm","food","N","9","P9T1","4","B06","tho","flood","dryingYard","A"
"oven","Lò bánh","build","B","9","P9T2","1","B03","xay","mud","","S"
"flourShed","Kho bột & bao bì","build","B","9","P9T2","2","B03","xay","weed","","S"
"softshell","Ba ba","animal","N","9","P9T2","3","B03","chinh","net;mound","specialtyPond","A"
"banhChuoi","Bánh chuối nướng","banh","O","9","P9T2","4","B03","chinh","rat;mound","oven","S"
"banhKhoai","Bánh khoai lang","banh","O","9","P9T2","5","B03","tho","rat","oven","S"
"beehive","Nhà ong","build","B","9","P9T3","1","B09","xay","mud","","S"
"bee","Ong mật","animal","O","9","P9T3","2","B09","chinh","decay;net","beehive","S"
"banhBo","Bánh bò","banh","O","9","P9T3","3","B09","chinh","rat;net","oven","S"
"banhTrang","Bánh tráng","banh","O","9","P9T3","4","B09","tho","decay","oven","S"
"honey","Mật ong","food","O","9","P9T3","5","B09","chinh","rat;flood","beehive","S"
"banhDauXanh","Bánh đậu xanh","banh","O","9","P9T4","1","B04","chinh","rat;pond","oven","S"
"banhIt","Bánh ít nhân dừa","banh","O","9","P9T4","2","B04","chinh","rat;decay","oven","S"
"banhCom","Bánh cốm","banh","N","9","P9T4","3","B04","tho","rock","oven","A"
"banhGiay","Bánh giầy","banh","N","9","P9T4","4","B04","chinh","rat;mound","oven","A"
"fair11","Cơm mới - Thường Tân","fair","F","9","P9T4","5","B04","boss-remix","r;mound;flood","stall","S"
"jamFactory","Xưởng mứt","build","B","10","P10T1","1","B01","xay","","","S"
"pickleYard","Sân lu muối dưa","build","B","10","P10T1","2","B01","xay","","","A"
"cam","Cam","fruit","M","10","P10T1","3","B01","chinh","worm","","S"
"dao","Đào (quả)","fruit","m","10","P10T1","4","B01","chinh","mound","","A"
"laChuoi","Lá chuối","grain","m","10","P10T1","5","B01","tho","mound","","A"
"dongTien","Đồng tiền","flower","m","10","P10T1","6","B01","chinh","mound","","A"
"camChuong","Cẩm chướng","flower","m","10","P10T1","7","B01","chinh","decay","","A"
"pickledCabbage","Dưa cải muối","food","N","10","P10T1","8","B01","tho","decay","pickleYard","A"
"nursery","Vườn ươm","build","B","10","P10T2","1","B03","xay","mound","","S"
"swiftHouse","Nhà yến","build","B","10","P10T2","2","B03","xay","pond","","A"
"quyt","Quýt","fruit","M","10","P10T2","3","B03","chinh","bird;pond","","S"
"mo","Mơ","fruit","m","10","P10T2","4","B03","chinh","bird;decay","","A"
"laGai","Lá gai","grain","m","10","P10T2","5","B03","tho","pond","","A"
"lanHoDiep","Lan hồ điệp","flower","m","10","P10T2","6","B03","chinh","bird;mound","","A"
"quatKieng","Quất kiểng","flower","m","10","P10T2","7","B03","chinh","bird;flood","","A"
"pickledEggplant","Cà pháo muối","food","N","10","P10T2","8","B03","tho","flood","pickleYard","A"
"dogHouse","Chuồng chó","build","B","10","P10T3","1","B12","xay","weed","","S"
"chanh","Chanh","fruit","M","10","P10T3","2","B12","chinh","bird;decay","","S"
"dauTay","Dâu tây","fruit","m","10","P10T3","3","B12","chinh","vine;bird","","A"
"laDua","Lá dứa","grain","m","10","P10T3","4","B12","tho","bird","","A"
"trangNguyen","Trạng nguyên","flower","m","10","P10T3","5","B12","chinh","vine;flood","","A"
"layOn","Lay ơn","flower","m","10","P10T3","6","B12","chinh","bird;net","","A"
"guardDog","Chó giữ trại (Mực)","animal","O","10","P10T3","7","B12","tho","decay","dogHouse","S"
"apricotPlum","Ô mai mơ","food","N","10","P10T3","8","B12","chinh","vine;rat","fruitDryer","A"
"nho","Nho","fruit","M","10","P10T4","1","B04","chinh","vine;mound","","S"
"laDong","Lá dong","grain","m","10","P10T4","2","B04","chinh","bird;rock","","A"
"hoaDao","Hoa đào","flower","m","10","P10T4","3","B04","tho","flood","","A"
"hoaHong","Hoa hồng","flower","m","10","P10T4","4","B04","chinh","bird;decay","","A"
"swiftlet","Chim yến","animal","N","10","P10T4","5","B04","chinh","vine;mound","swiftHouse","A"
"swiftNest","Yến sào","food","N","10","P10T4","6","B04","tho","net","swiftHouse","A"
"fair12","Chợ hoa Tết I","fair","F","10","P10T4","7","B04","boss-remix","bird;mound;flood","tetStall","S"
"fair13","Chợ hoa Tết II","fair","F","10","P10T4","8","B04","boss-remix","bird;flood;pond","tetStall","S"
"tetStall","Quầy hàng Tết","build","B","11","P11T1","1","B15","xay","","","S"
"carp","Cá chép (ông Táo)","animal","N","11","P11T1","2","B15","chinh","rock","fishPond","A"
"jamTao","Mứt táo","jam","O","11","P11T1","3","B15","chinh","rat","jamFactory","S"
"jamThom","Mứt thơm","jam","O","11","P11T1","4","B15","tho","mound","jamFactory","S"
"jamCaRot","Mứt cà rốt","jam","O","11","P11T1","5","B15","chinh","flood","jamFactory","S"
"jamMe","Mứt me","jam","N","11","P11T1","6","B15","chinh","pond","jamFactory","A"
"jamKhoaiMon","Mứt khoai môn","jam","N","11","P11T1","7","B15","tho","vine","jamFactory","A"
"banhU","Bánh ú","banh","O","11","P11T1","8","B15","chinh","rat","oven","S"
"fair14","Ông Công - Ông Táo 23 tháng Chạp","fair","F","11","P11T1","9","B15","boss-remix","rat;mound;flood","tetStall","S"
"showcase","Gian trưng bày","build","B","11","P11T2","1","B03","xay","weed","","S"
"gac","Gấc","fruit","m","11","P11T2","2","B03","chinh","blight;flood","","A"
"cau","Cau","fruit","m","11","P11T2","3","B03","chinh","fly;blight","","A"
"jamDuaHau","Mứt vỏ dưa hấu","jam","O","11","P11T2","4","B03","tho","fly","jamFactory","S"
"jamDua","Mứt dừa","jam","O","11","P11T2","5","B03","chinh","fly;mud","jamFactory","S"
"jamQuyt","Mứt quýt (tắc)","jam","O","11","P11T2","6","B03","chinh","blight;mound","jamFactory","S"
"jamSung","Mứt sung","jam","N","11","P11T2","7","B03","tho","mound","jamFactory","A"
"jamSoRi","Mứt sơ ri","jam","N","11","P11T2","8","B03","chinh","blight;fly","jamFactory","A"
"banhDaLon","Bánh da lợn","banh","O","11","P11T2","9","B03","chinh","fly;vine","oven","S"
"bigKitchen","Bếp ninh lớn","build","B","11","P11T3","1","B05","xay","mud","","S"
"sung","Sung","fruit","m","11","P11T3","2","B05","chinh","fly;mound","","A"
"jamXoai","Mứt xoài","jam","O","11","P11T3","3","B05","chinh","blight;flood","jamFactory","S"
"jamGung","Mứt gừng","jam","O","11","P11T3","4","B05","tho","mound","jamFactory","S"
"jamBi","Mứt bí","jam","O","11","P11T3","5","B05","chinh","blight;vine","jamFactory","S"
"jamHatSen","Mứt hạt sen","jam","N","11","P11T3","6","B05","chinh","fly;rat","jamFactory","A"
"jamBuoi","Mứt vỏ bưởi","jam","N","11","P11T3","7","B05","tho","rat","jamFactory","A"
"jamMan","Mứt mận","jam","N","11","P11T3","8","B05","chinh","fly;weed","jamFactory","A"
"banhGai","Bánh gai","banh","N","11","P11T3","9","B05","chinh","blight;fly","oven","A"
"coconutOil","Dầu dừa","food","O","11","P11T3","10","B05","tho","fly","bigKitchen","S"
"jamChuoi","Mứt chuối","jam","O","11","P11T4","1","B04","chinh","blight;rat","jamFactory","S"
"jamCoc","Mứt cóc","jam","N","11","P11T4","2","B04","chinh","fly;rat","jamFactory","A"
"jamDauTay","Mứt dâu tây","jam","N","11","P11T4","3","B04","tho","mound","jamFactory","A"
"jamCam","Mứt cam","jam","N","11","P11T4","4","B04","chinh","fly;blight","jamFactory","A"
"banhChung","Bánh chưng","banh","O","11","P11T4","5","B04","chinh","blight;vine","oven","S"
"banhTet","Bánh tét","banh","O","11","P11T4","6","B04","tho","mound","oven","S"
"banhPhuThe","Bánh phu thê","banh","N","11","P11T4","7","B04","chinh","blight;mound","oven","A"
"coconutCandy","Kẹo dừa","food","O","11","P11T4","8","B04","chinh","fly;flood","bigKitchen","S"
"fair15","Chợ mứt Tết","fair","F","11","P11T4","9","B04","boss-remix","fly;blight;vine","tetStall","A"
"fair16","Mâm ngũ quả","fair","F","11","P11T4","10","B04","boss-remix","fly;mud;weed","tetStall","A"
"gate","Cổng chào","build","B","12","P12T1","1","B14","xay","","","S"
"banhCam","Bánh cam","banh","N","12","P12T1","2","B14","chinh","rat","oven","A"
"banhPia","Bánh pía","banh","N","12","P12T1","3","B14","chinh","mound","oven","A"
"bigMarket","Chợ Xuân (chợ lớn)","build","B","12","P12T2","1","B11","xay","mound","","S"
"mainStore","Kho tổng","build","B","12","P12T2","2","B11","xay","pond","","S"
"fair17","Chợ Xuân I","fair","F","12","P12T2","3","B11","boss-remix","vine;bird;rat","bigMarket","S"
"floatingMarket","Chợ nổi","build","B","12","P12T3","1","B04","xay","weed","","S"
"banhGio","Bánh giò","banh","N","12","P12T3","2","B04","chinh","mound;flood","oven","A"
"fair18","Chợ nổi Tết","fair","F","12","P12T3","3","B04","boss-remix","blight;fly;vine","floatingMarket","S"
"banhIn","Bánh in","banh","N","12","P12T4","1","B05","chinh","fly;vine","oven","A"
"fair19","Chợ Xuân - Đại đơn hàng","fair","F","12","P12T4","2","B05","boss-remix","vine;bird;rat","bigMarket","S"
