id,ten,loai,hang,phan,uutien,canXay,ghichu
chuoi,Chuối,fruit,M,4,S,,giống: tiêu/sứ/cau
xoai,Xoài,fruit,M,4,S,,giống: cát Hòa Lộc/cát chu/tượng
thom,Thơm (dứa),fruit,M,4,S,,
duaHau,Dưa hấu,fruit,M,4,S,,
duDu,Đu đủ,fruit,M,4,S,,
oi,Ổi,fruit,M,4,S,,
man,Mận,fruit,M,4,S,,
khe,Khế,fruit,M,4,S,,
mangCau,Mãng cầu (na),fruit,M,4,S,,
sauRieng,Sầu riêng,fruit,M,5,S,,giống: Ri6/Monthong/Dona
chomChom,Chôm chôm,fruit,M,5,S,,
nhan,Nhãn,fruit,M,5,S,,giống: xuồng cơm vàng/lồng Hưng Yên/da bò
vai,Vải,fruit,M,5,S,,giống: thiều Lục Ngạn/u hồng
mangCut,Măng cụt,fruit,M,5,S,,
mit,Mít,fruit,M,5,S,,giống: Thái/ta/tố nữ
dua,Dừa,fruit,M,5,S,,chain 8 tier; giữ id coconut; 9 màn; giống: xiêm/ta/sáp/dứa
thanhLong,Thanh long,fruit,M,5,S,,
buoi,Bưởi,fruit,M,7,S,,giống: Năm Roi/da xanh/Diễn
hongXiem,Hồng xiêm (sapoche),fruit,M,7,S,,
tao,Táo,fruit,M,7,S,,
luu,Lựu,fruit,M,7,S,,
cam,Cam,fruit,M,10,S,,giống: sành/Cao Phong/Vinh
quyt,Quýt,fruit,M,10,S,,
chanh,Chanh,fruit,M,10,S,,
nho,Nho,fruit,M,10,S,,
roi,Roi (mận Nam Bộ),fruit,m,4,A,,
coc,Cóc,fruit,m,4,A,,
soRi,Sơ ri,fruit,m,4,A,,
dauDa,Dâu da (Hạ Châu),fruit,m,4,A,,
me,Me,fruit,m,4,A,,
vuSua,Vú sữa,fruit,m,5,A,,Vĩnh Kim
bonBon,Bòn bon,fruit,m,5,A,,
dauTam,Dâu tằm,fruit,m,5,A,,
nhot,Nhót,fruit,m,5,A,,
mangCauXiem,Mãng cầu xiêm,fruit,m,5,A,,
thanhTra,Thanh trà,fruit,m,5,A,,
hong,Hồng,fruit,m,7,A,,hồng giòn/hồng treo
thi,Thị,fruit,m,7,A,,
le,Lê,fruit,m,7,A,,
sim,Sim,fruit,m,7,A,,
hongBi,Hồng bì,fruit,m,7,A,,
caNa,Cà na,fruit,m,8,A,,
tram,Trám,fruit,m,8,A,,
leKiMa,Lê ki ma,fruit,m,8,A,,
bo,Bơ,fruit,m,8,A,,
chanhDay,Chanh dây,fruit,m,8,A,,
dao,Đào (quả),fruit,m,10,A,,
mo,Mơ,fruit,m,10,A,,nguyên liệu ô mai
dauTay,Dâu tây,fruit,m,10,A,,
gac,Gấc,fruit,m,11,A,,xôi gấc Tết
cau,Cau,fruit,m,11,A,,trầu cau/mâm ngũ quả
sung,Sung,fruit,m,11,A,,mâm ngũ quả miền Nam
rauMuong,Rau muống,veg,M,1,S,,
caiXanh,Cải xanh,veg,M,1,S,,
caChua,Cà chua,veg,M,1,S,,
duaLeo,Dưa leo,veg,M,1,S,,
biDo,Bí đỏ,veg,M,2,S,,
biXanh,Bí xanh,veg,M,2,S,,
muop,Mướp,veg,M,2,S,,
khoQua,Khổ qua,veg,M,2,S,,
caTim,Cà tím,veg,M,2,S,,
ot,Ớt,veg,M,2,S,,
caRot,Cà rốt,veg,M,2,S,,
cuCai,Củ cải,veg,M,2,S,,
dauBap,Đậu bắp,veg,M,2,S,,
xaLach,Xà lách,veg,M,2,S,,
khoaiLang,Khoai lang,veg,M,7,S,,
khoaiTay,Khoai tây,veg,M,7,S,,
hanhTay,Hành tây,veg,M,7,S,,
toi,Tỏi,veg,M,7,S,,
gung,Gừng,veg,M,7,S,,nguyên liệu mứt gừng (chương hero)
nghe,Nghệ,veg,M,7,S,,
bapCai,Bắp cải,veg,M,7,S,,
dauXanh,Đậu xanh,veg,M,7,S,,
mongToi,Mồng tơi,veg,m,1,A,,
rauMa,Rau má,veg,m,1,A,,
rauDay,Rau đay,veg,m,2,A,,
caPhao,Cà pháo,veg,m,2,A,,
dauDua,Đậu đũa,veg,m,2,A,,
dauCove,Đậu cove,veg,m,2,A,,
bau,Bầu,veg,m,2,A,,
suSu,Su su,veg,m,2,A,,
hatSen,Hạt sen,veg,m,3,A,,
khoaiMi,Khoai mì (sắn),veg,m,7,A,,
khoaiMon,Khoai môn,veg,m,7,A,,
cuNang,Củ năng,veg,m,7,A,,
cuDen,Củ dền,veg,m,7,A,,
sa,Sả,veg,m,7,A,,
rieng,Riềng,veg,m,7,A,,
ngoSung,Ngó súng,veg,m,8,A,,mùa nước nổi
dienDien,Bông điên điển,veg,m,8,A,,mùa nước nổi
rauLang,Rau lang,veg,m,8,A,,
mangTre,Măng tre,veg,m,8,A,,
caiThao,Cải thảo,veg,m,8,A,,
duaGang,Dưa gang,veg,m,8,A,,
suHao,Su hào,veg,m,8,A,,
luaNep,Lúa nếp,grain,M,4,A,,
lua,Lúa,grain,M,6,S,,kết ở Bao gạo; nối Hồi 2 rice
ngo,Ngô,grain,M,6,S,,
dauNanh,Đậu nành,grain,M,6,S,,
dauPhong,Đậu phộng,grain,M,6,S,,
mia,Mía,grain,M,6,S,,
tra,Trà,grain,M,6,S,,
hatDieu,Hạt điều,grain,M,7,S,,
tieu,Tiêu,grain,M,7,S,,
meVung,Mè (vừng),grain,m,6,A,,
cacao,Ca cao,grain,m,7,A,,Bến Tre
thotNot,Thốt nốt,grain,m,8,A,,An Giang
laDong,Lá dong,grain,m,10,A,,gói bánh chưng
laChuoi,Lá chuối,grain,m,10,A,,gói bánh tét
laGai,Lá gai,grain,m,10,A,,bánh gai
laDua,Lá dứa,grain,m,10,A,,
hoaMai,Hoa mai,flower,M,1,S,,cây bà trồng
hoaCuc,Hoa cúc,flower,M,2,S,,
hoaSen,Hoa sen,flower,M,3,S,,
huongDuong,Hướng dương,flower,M,6,S,,
vanTho,Vạn thọ,flower,m,2,A,,
thuocDuoc,Thược dược,flower,m,2,A,,
nhai,Hoa nhài,flower,m,3,A,,
ngocLan,Ngọc lan,flower,m,3,A,,
loaKen,Loa kèn (tháng Tư),flower,m,3,A,,
phuongVi,Phượng vĩ,flower,m,5,A,,
bangLang,Bằng lăng,flower,m,5,A,,
damBut,Dâm bụt,flower,m,5,A,,
hoaSu,Hoa sứ,flower,m,6,A,,
muoiGio,Mười giờ,flower,m,6,A,,
hoaGiay,Hoa giấy,flower,m,6,A,,
hoaSua,Hoa sữa,flower,m,7,A,,
cucHoaMi,Cúc họa mi,flower,m,7,A,,
tamGiacMach,Tam giác mạch,flower,m,7,A,,
hoaSung,Hoa súng,flower,m,8,A,,
lucBinh,Lục bình,flower,m,8,A,,
hoaDao,Hoa đào,flower,m,10,A,,
dongTien,Đồng tiền,flower,m,10,A,,
lanHoDiep,Lan hồ điệp,flower,m,10,A,,
trangNguyen,Trạng nguyên,flower,m,10,A,,
hoaHong,Hoa hồng,flower,m,10,A,,
camChuong,Cẩm chướng,flower,m,10,A,,
quatKieng,Quất kiểng,flower,m,10,A,,
layOn,Lay ơn,flower,m,10,A,,
poultry,Gà (trứng),animal,O,1,S,coop,
rabbit,Thỏ,animal,O,2,S,rabbitHutch,
duck,Vịt,animal,O,2,S,duckPond,
chickenMeat,Gà thịt,animal,O,3,S,coop,
pig,Heo,animal,O,3,S,pigpen,
dairyCow,Bò sữa,animal,O,3,S,barn,
goat,Dê,animal,O,3,S,goatPen,
muscovy,Ngan,animal,O,3,S,poultryHouse,
quail,Chim cút,animal,O,3,S,poultryHouse,
goose,Ngỗng,animal,O,3,S,poultryHouse,
buffalo,Trâu,animal,O,6,S,buffaloShed,
tilapia,Cá rô phi,animal,O,8,S,fishPond,
shrimp,Tôm càng,animal,O,8,S,fishPond,
crab,Cua đồng,animal,O,8,S,fishPond,
eel,Lươn,animal,O,8,S,fishPond,
bee,Ong mật,animal,O,9,S,beehive,phải xây Nhà ong trước
silkworm,Tằm,animal,O,9,S,silkHouse,
guardDog,Chó giữ trại (Mực),animal,O,10,S,dogHouse,
pigeon,Bồ câu,animal,N,5,A,pigeonLoft,
snakehead,Cá lóc,animal,N,8,A,fishPond,
linhFish,Cá linh,animal,N,8,A,dock,mùa nước nổi
frog,Ếch,animal,N,8,A,specialtyPond,
appleSnail,Ốc bươu,animal,N,8,A,specialtyPond,
pangasius,Cá tra (bè),animal,N,8,A,fishRaft,
softshell,Ba ba,animal,N,9,A,specialtyPond,
swiftlet,Chim yến,animal,N,10,A,swiftHouse,
carp,Cá chép (ông Táo),animal,N,11,A,fishPond,23 tháng Chạp
jamTao,Mứt táo,jam,O,11,S,jamFactory,
jamDuaHau,Mứt vỏ dưa hấu,jam,O,11,S,jamFactory,
jamXoai,Mứt xoài,jam,O,11,S,jamFactory,
jamThom,Mứt thơm,jam,O,11,S,jamFactory,
jamDua,Mứt dừa,jam,O,11,S,jamFactory,
jamGung,Mứt gừng,jam,O,11,S,jamFactory,chương hero
jamBi,Mứt bí,jam,O,11,S,jamFactory,
jamChuoi,Mứt chuối,jam,O,11,S,jamFactory,
jamCaRot,Mứt cà rốt,jam,O,11,S,jamFactory,
jamQuyt,Mứt quýt (tắc),jam,O,11,S,jamFactory,
jamHatSen,Mứt hạt sen,jam,N,11,A,jamFactory,
jamCoc,Mứt cóc,jam,N,11,A,jamFactory,
jamMe,Mứt me,jam,N,11,A,jamFactory,
jamSung,Mứt sung,jam,N,11,A,jamFactory,
jamBuoi,Mứt vỏ bưởi,jam,N,11,A,jamFactory,
jamDauTay,Mứt dâu tây,jam,N,11,A,jamFactory,
jamKhoaiMon,Mứt khoai môn,jam,N,11,A,jamFactory,
jamSoRi,Mứt sơ ri,jam,N,11,A,jamFactory,
jamMan,Mứt mận,jam,N,11,A,jamFactory,
jamCam,Mứt cam,jam,N,11,A,jamFactory,
banhChuoi,Bánh chuối nướng,banh,O,9,S,oven,
banhBo,Bánh bò,banh,O,9,S,oven,
banhDauXanh,Bánh đậu xanh,banh,O,9,S,oven,
banhKhoai,Bánh khoai lang,banh,O,9,S,oven,
banhTrang,Bánh tráng,banh,O,9,S,oven,
banhIt,Bánh ít nhân dừa,banh,O,9,S,oven,
banhChung,Bánh chưng,banh,O,11,S,oven,
banhTet,Bánh tét,banh,O,11,S,oven,
banhU,Bánh ú,banh,O,11,S,oven,
banhDaLon,Bánh da lợn,banh,O,11,S,oven,
banhTroi,Bánh trôi (Hàn Thực),banh,N,2,A,woodStove,3/3 âm
banhChay,Bánh chay (Hàn Thực),banh,N,2,A,woodStove,3/3 âm
banhTro,Bánh tro (Đoan Ngọ),banh,N,4,A,woodStove,5/5 âm
banhDeo,Bánh dẻo (Trung Thu),banh,N,7,A,woodStove,15/8 âm
banhCom,Bánh cốm,banh,N,9,A,oven,
banhGiay,Bánh giầy,banh,N,9,A,oven,
banhGai,Bánh gai,banh,N,11,A,oven,
banhPhuThe,Bánh phu thê,banh,N,11,A,oven,
banhCam,Bánh cam,banh,N,12,A,oven,
banhIn,Bánh in,banh,N,12,A,oven,
banhPia,Bánh pía,banh,N,12,A,oven,Sóc Trăng
banhGio,Bánh giò,banh,N,12,A,oven,
yogurt,Sữa chua,food,O,3,S,feedStore,
cheese,Phô mai,food,O,3,S,feedStore,
butter,Bơ,food,O,3,S,feedStore,
juice,Nước ép,food,O,5,S,prepHouse,
sugar,Đường mía,food,O,6,S,sugarKiln,
teaLeaf,Trà thành phẩm,food,O,6,S,prepHouse,
saltEgg,Trứng muối,food,O,8,S,prepHouse,
honey,Mật ong,food,O,9,S,beehive,
coconutOil,Dầu dừa,food,O,11,S,bigKitchen,
coconutCandy,Kẹo dừa,food,O,11,S,bigKitchen,Bến Tre
riceWine,Rượu nếp (Đoan Ngọ),food,N,4,A,wineStill,
coconutMilk,Nước cốt dừa,food,N,5,A,prepHouse,
soySauce,Tương,food,N,6,A,tofuShop,
tofu,Đậu hũ,food,N,6,A,tofuShop,
soyMilk,Sữa đậu nành,food,N,6,A,tofuShop,
peanutOil,Dầu lạc,food,N,6,A,mill,
noodleFresh,Bún tươi,food,N,6,A,mill,
mungNoodle,Miến,food,N,7,A,mill,
lemongrassOil,Tinh dầu sả,food,N,7,A,prepHouse,
fishSauce,Mắm cá linh,food,N,8,A,prepHouse,mùa nước nổi
driedSnakehead,Khô cá lóc,food,N,8,A,dryingYard,
palmSugar,Đường thốt nốt,food,N,8,A,sugarKiln,
vinegar,Giấm,food,N,9,A,prepHouse,
greenRice,Cốm,food,N,9,A,dryingYard,Tết Thường Tân
pickledCabbage,Dưa cải muối,food,N,10,A,pickleYard,
pickledEggplant,Cà pháo muối,food,N,10,A,pickleYard,
apricotPlum,Ô mai mơ,food,N,10,A,fruitDryer,
swiftNest,Yến sào,food,N,10,A,swiftHouse,
coop,Chuồng gà,build,B,1,S,,
well,Giếng nước,build,B,1,S,,
stall,Sạp chợ làng,build,B,1,S,,chợ cấp 1
greenhouse,Nhà kính,build,B,2,S,,
pump,Máy bơm nước,build,B,2,S,,
shed,Kho nhỏ,build,B,2,S,,kho cấp 1
rabbitHutch,Chuồng thỏ,build,B,2,S,,phải xây trước khi nuôi thỏ
duckPond,Ao vịt,build,B,2,S,,
woodStove,Bếp củi,build,B,2,A,,bánh mộc mạc (trôi/chay/tro/dẻo)
pigpen,Chuồng heo,build,B,3,S,,
barn,Chuồng bò,build,B,3,S,,
feedStore,Kho thức ăn,build,B,3,S,,kho cấp 2
goatPen,Chuồng dê,build,B,3,S,,
poultryHouse,Trại gia cầm (ngan/cút/ngỗng),build,B,3,S,,
irrigation,Giàn tưới,build,B,4,S,,
wineStill,Lò nấu rượu,build,B,4,A,,
fruitDryer,Nhà sấy trái cây,build,B,4,A,,
coldStore,Kho lạnh,build,B,5,S,,kho cấp 4
prepHouse,Nhà sơ chế,build,B,5,S,,
pigeonLoft,Chuồng bồ câu,build,B,5,A,,
mill,Cối xay lúa,build,B,6,S,,
granary,Kho lúa,build,B,6,S,,kho cấp 3
buffaloCart,Xe trâu kéo,build,B,6,S,,
dryingYard,Sân phơi lúa,build,B,6,S,,đặc trưng làng quê
sugarKiln,Lò đường thủ công,build,B,6,S,,
buffaloShed,Chuồng trâu,build,B,6,S,,
tofuShop,Xưởng đậu hũ,build,B,6,A,,
truck,Xe tải nhỏ,build,B,7,S,,Anh Tài xuất hiện
monkeyBridge,Cầu khỉ,build,B,7,A,,biểu tượng miền Tây
fieldHut,Chòi canh ruộng,build,B,7,A,,
compostPit,Hầm ủ phân,build,B,7,A,,
fishPond,Ao cá,build,B,8,S,,
fishRaft,Bè cá tra,build,B,8,A,,
specialtyPond,Ao đặc sản (ếch/ốc/ba ba),build,B,8,A,,
dock,Bến xuồng,build,B,8,S,,mùa nước nổi
beehive,Nhà ong,build,B,9,S,,phải xây trước khi nuôi ong
silkHouse,Nhà nuôi tằm,build,B,9,S,,
oven,Lò bánh,build,B,9,S,,
flourShed,Kho bột & bao bì,build,B,9,S,,kho cấp 5
nursery,Vườn ươm,build,B,10,S,,
jamFactory,Xưởng mứt,build,B,10,S,,
pickleYard,Sân lu muối dưa,build,B,10,A,,
swiftHouse,Nhà yến,build,B,10,A,,
dogHouse,Chuồng chó,build,B,10,S,,
tetStall,Quầy hàng Tết,build,B,11,S,,chợ cấp 2
bigKitchen,Bếp ninh lớn,build,B,11,S,,
showcase,Gian trưng bày,build,B,11,S,,chợ cấp 3
bigMarket,Chợ Xuân (chợ lớn),build,B,12,S,,chợ cấp 4
mainStore,Kho tổng,build,B,12,S,,kho cấp 6
gate,Cổng chào,build,B,12,S,,
floatingMarket,Chợ nổi,build,B,12,S,,chợ cấp 5 - đặc trưng miền Tây
wood,Gỗ,material,-,0,S,,
brick,Gạch,material,-,0,S,,
tool,Dụng cụ,material,-,0,S,,
canvas,Vải bạt,material,-,0,S,,
bamboo,Tre nứa,material,-,0,A,,vật liệu mới
thatch,Lá dừa nước/tranh,material,-,0,A,,vật liệu mới
fair01,Lễ hội Xuân - Rằm tháng Giêng,fair,F,1,S,stall,
fair02,Thanh Minh - Hàn Thực,fair,F,2,S,stall,
fair03,Phật Đản - phiên chợ chay,fair,F,3,S,stall,
fair04,Đoan Ngọ - phiên chợ trái cây,fair,F,4,S,stall,
fair05,Hội chợ trái cây miền Tây I,fair,F,5,S,stall,
fair06,Hội chợ trái cây miền Tây II,fair,F,5,S,stall,
fair07,Vu Lan - Rằm tháng Bảy,fair,F,6,S,stall,
fair08,Trung Thu - phiên chợ đèn,fair,F,7,S,stall,
fair09,Trung Thu - mâm quả,fair,F,7,S,stall,
fair10,Chợ mùa nước nổi,fair,F,8,S,stall,
fair11,Cơm mới - Thường Tân,fair,F,9,S,stall,
fair12,Chợ hoa Tết I,fair,F,10,S,tetStall,
fair13,Chợ hoa Tết II,fair,F,10,S,tetStall,
fair14,Ông Công - Ông Táo 23 tháng Chạp,fair,F,11,S,tetStall,
fair15,Chợ mứt Tết,fair,F,11,A,tetStall,
fair16,Mâm ngũ quả,fair,F,11,A,tetStall,
fair17,Chợ Xuân I,fair,F,12,S,bigMarket,
fair18,Chợ nổi Tết,fair,F,12,S,floatingMarket,
fair19,Chợ Xuân - Đại đơn hàng,fair,F,12,S,bigMarket,boss Hồi 1

